{"accuracy": [0.6916576027870178, 0.78125, 0.7606325149536133, 0.6875, 0.8195201754570007, 0.78125, 0.8187022805213928, 0.875, 0.8386041522026062, 0.8125, 0.8587786555290222, 0.9375, 0.8936750292778015, 0.875, 0.8909487724304199, 0.9375, 0.8950381875038147], "loss": [3.904588222503662, 1.2930562496185303, 1.248387098312378, 0.678740918636322, 0.6821878552436829, 0.6762953996658325, 0.6681744456291199, 0.3143664002418518, 0.5671488046646118, 0.27568909525871277, 0.4987236261367798, 0.18620142340660095, 0.3736587464809418, 0.6553095579147339, 0.40451475977897644, 0.21861723065376282, 0.40446433424949646], "val_accuracy": [0.2142857164144516, 0.25806450843811035, 0.2154017835855484, 0.22580644488334656, 0.2254464328289032, 0.19354838132858276, 0.3950892984867096, 0.4516128897666931, 0.7287946343421936, 0.5483871102333069, 0.9151785969734192, 0.9354838728904724, 0.6395089030265808, 0.5806451439857483, 0.9006696343421936, 0.9354838728904724, 0.6584821343421936], "val_loss": [100.52897644042969, 90.49554443359375, 69.06488800048828, 69.92328643798828, 38.3471565246582, 41.19629669189453, 4.91049861907959, 4.077713966369629, 0.7484362721443176, 1.0877450704574585, 0.2861044108867645, 0.17189057171344757, 3.223761796951294, 3.5681819915771484, 0.4215314984321594, 0.21407951414585114, 4.262722492218018]}